INSERT INTO Users (uid, login, password)
VALUES
('1543016742','Marleen Stoute','PFCqXQqXTL'),
('5507545360','Toni Hodder','qCbqgaCpWK'),
('5367111875','Lakia Langstaff','6rnetGeij4'),
('4157012727','Michaele Burgan','mOGkhrPsKB'),
('4503882590','Jolie Tsan','Tx9BRYGxgr'),
('9424857467','Ulysses Gerdts','N7ZNxxej7V'),
('9007822391','Gwen Mitchener','EB2CP7DOaf'),
('8916979800','Maryrose Vandergriff','6N8VamS0tK'),
('8339700975','Shu Mabery','kzeKY5q8QA'),
('9507916324','Mariana Barcenas','iLH8KlHCRC'),
('1863724411','Shelly Biro','wInO7liDa1'),
('0961021594','Faviola Harger','AJfUMaDl1p'),
('6780977303','Eugenia Shoulders','t9jxqcThV9'),
('6408807324','Illa Hereford','iLzx81PQ6Y'),
('6598120290','Retta Olea','guxgIYL2si'),
('2049257728','Estell Enriquez','RQh8MvrbaX'),
('9179721060','Luanna Berkeley','Vt8gGV6Ont'),
('2515419073','Lemuel Pilling','LjlqbOY94H'),
('0928753099','Earlene Kerlin','FBoI6UpsjM'),
('2369177638','Leora Fenwick','yyvAKbWY3p'),
('1041372087','Belva Vanderburg','MKKcFko0eD'),
('0751548259','Edward Noss','sbxpEbVG5G'),
('1105048485','Barbara Gatts','X4pzoWOQHX'),
('0233865394','Hannah Gilder','Dqa6XXOdVs'),
('5924712348','Pierre Alex','S80LZwne6Z'),
('5265665108','Oda Im','y2La6hwtkL'),
('9126763588','Shaunta Dillow','Fcg4pcjFWM'),
('9812563523','Curtis Stillwell','go27uGxsFt'),
('3161688133','Betsey Orange','mjCoUHugen'),
('0577784759','Owen Oliphant','taGDzc8pVr'),
('6783759751','Kamilah Mikkelson','yediZM0eGz'),
('8632765976','Cristie Navarre','Y6lADjZp8K'),
('1592745778','Lucille Gudger','9H362WUde9'),
('5156836740','Jeraldine Sharkey','YuXhL9PqZ2'),
('4520451747','Garry Mccleary','RwSKX5szJ2'),
('0785579744','Cathey Concha','VcemjqSofO'),
('2834354014','Aide Pribble','xI7WsE8jER'),
('8064023363','Lita Prim','NJAKTq6m42'),
('3220417008','Jessica Jared','QKjfzDIlhH'),
('7041189155','Weldon Perine','wwhZPeZPtO'),
('9423447526','Jess Delorenzo','TFQUnr9JPl'),
('9822646487','Danette Street','SrS9WQwHVn'),
('1748078306','Nicolette Stovall','S5iTtSLQNI'),
('9170428560','Velia Olenick','qOVMsAVUHB'),
('1489474008','Trudy Mosbey','ByzKr77VEA'),
('9140780204','Yuonne Wooten','9VRHmXl2HO'),
('8781560637','Starr Claycomb','6uehdElUNR'),
('5545645677','Rocky Eckel','Ni6FwLXmwO'),
('7874690823','Nichol Meagher','x9dLz4CGGA'),
('1334435407','Jon Fey','cR2ulyuJRl'),
('5154398333','Nichole Nair','8aNrdIJE5l'),
('3329857023','Cordie Corrie','Os1PJ7aWnm'),
('7338181413','Kimbery Kelliher','KVqmXoCHFw'),
('2628627057','Kortney Kube','6lRSv0vkVA'),
('1470665573','Isaura Ikeda','0H0ZUsyyjJ'),
('7893884058','Alethia Alire','Jx4fm6LOfz'),
('5820227525','Nedra Nadel','tdD1cENveX'),
('0593403813','Thomasine Thurman','GPun3xnhX3'),
('1639394380','Ruthanne Rota','9tqh9VSdW9'),
('0995233506','Bulah Bruemmer','I8mcSEg5EC'),
('0620313556','Jewel Justis','lcDg6qnD0Y'),
('5031528600','Zack Zwiebel','qcu9hE2bAH'),
('9808078545','Macie Montanez','66cY5ITSI1'),
('5520174072','Louie Losh','c7aOW20WEk'),
('8485627393','Miki Minnifield','7QOUftlCUA'),
('1352987289','Vella Vanegas','kbLPwxd4Ih'),
('2472048124','Lavera Lively','1P7r6nCylb'),
('7779851861','Marceline Meininger','LwRxrKwdCC'),
('2168164519','Kaylene Kinch','DwrQUhSXfk'),
('5568240570','Betty Boner','zvFFmmLQ6j'),
('6180679732','Weldon Willett','bbxmUeSnp8'),
('8153643055','Shayne Spinner','ntoIfNKYcI'),
('3116923243','Cythia Cowell','3EAVi9b97H'),
('2526222910','Catharine Chilcote','bEZq82H1DI'),
('4795405179','Torrie Tiller','d19M72nz0p'),
('4641329504','Evan Esterline','XWRtJRWktg'),
('7678782837','Rosemarie Rhine','Ouvob2iLWM'),
('5081237274','Isabell Iannotti','NDxDRvcfGX'),
('0208728194','Inga Ireland','pPjhnO8sMA'),
('5951456362','Bobbie Blackmore','J8Ctpiue7P'),
('4518708309','Shawana Stefano','hsZod3LyP9'),
('4854683135','Luz Lorance','PrqjNrUG6j'),
('7155431551','Brandy Boling','Ah4MY0r25M'),
('9407564763','Tanika Thibodeau','1KbOtktUyH'),
('6423042893','Herta Hollar','iMW9UNQaVV'),
('5184570051','Elwanda Ernst','d4raGBNiP5'),
('7470009749','Bernita Benninger','0zxjqzerMc'),
('6431817656','Lorri Lovely','Hhwr55bmiB'),
('1146015069','Holli Hambleton','hNVmHWZWKe'),
('3737552163','Ebony Eisenmenger','GeuWo6GsZz'),
('8169884109','Arnoldo Axtell','QkM3098Gpm'),
('7232048915','Clemmie Coury','EyHd5nnlUJ'),
('4549439120','Damon Devall','akQrz3Tlyr'),
('6763852513','Kenya Kuhn','GUVz24ZdDB'),
('4120469947','Teresita Tyre','Wzqw3Iaf3s'),
('1501893574','Armando Archer','8jGQDr7eVC'),
('8488301634','Dena Dicarlo','cU5MX4Lzt9'),
('9228116870','Nicky Newcombe','tu0avbBiyx'),
('4167462128','Antonette Arzu','s2IK45ZMNa'),
('4904556412','Dusty Decka','xr2a0RYjyF');

INSERT INTO Artists (aid, name)
VALUES
('0000000001','Metallica'),
('0000000002','The Beatles'),
('0000000003','Bee Gees'),
('0000000004','Red Hot Chilli Peppers'),
('0000000005','Mozart'),
('0000000006','Akon'),
('0000000007','Bryan Adams'),
('0000000008','Justin Bieber'),
('0000000009','Daft Punk'),
('0000000010','Hillsong United');

INSERT INTO Genres (gid, name)
VALUES
('0000000001','Heavy Metal'),
('0000000002','Pop'),
('0000000003','Disco'),
('0000000004','Alternative Rock'),
('0000000005','Classical'),
('0000000006','Reggae'),
('0000000007','Rock'),
('0000000008','Hip-hop'),
('0000000009','Disco'),
('0000000010','Christian Rock'); -- I really ran out of genres I could think of at 2am, sorry! I am a Buddhist btw :P

INSERT INTO Songs (sid, name, aid, gid, releaseDate, numDownloads, numLicense)
VALUES
('0000000001'   ,'For whom the Bell tolls','0000000001', '0000000001', '1996-09-27',2,9001),
('0000000002'   ,'Ride the Lightning','0000000001', '0000000001', '1996-09-27',2,9001),
('0000000003'   ,'Unforgiven','0000000001', '0000000001', '1996-09-27',2,9001),
('0000000004'   ,'Fade to Black','0000000001', '0000000001', '1996-09-27',2,9001), -- Aish's favorite
('0000000005'   ,'Nothing Else Matters','0000000001', '0000000001', '1996-09-27',2,9001),
('0000000006'     ,'Here comes the sun','0000000002', '0000000002', '1996-09-27',2,9001),
('0000000007'     ,'I wanna hold your hand','0000000002', '0000000002', '1996-09-27',2,9001),
('0000000008'     ,'Hey Jude','0000000002', '0000000002', '1996-09-27',2,9001),
('0000000009'     ,'Help!','0000000002', '0000000002', '1996-09-27',2,9001),
('0000000010'     ,'Seargeant Peppers Lonely Hearts Club Band','0000000002', '0000000002', '1996-09-27',2,9001),
('0000000011'     ,'Staying Alive','0000000003', '0000000003', '1996-09-27',2,9001),
('0000000012'     ,'How deep is your love','0000000003', '0000000003', '1996-09-27',2,9001),
('0000000013'     ,'Night Fever','0000000003', '0000000003', '1996-09-27',2,9001),
('0000000014'     ,'I started a joke','0000000003', '0000000003', '1996-09-27',2,9001),
('0000000015'     ,'Too much heaven','0000000003', '0000000003', '1996-09-27',2,9001),
('0000000016'        ,'Rain dance maggie','0000000004', '0000000004', '1996-09-27',2,9001), -- aww yeaaahhh \m/ this is the best!
('0000000017'        ,'Scar Tissue','0000000004', '0000000004', '1996-09-27',2,9001),
('0000000018'        ,'Californication','0000000004', '0000000004', '1996-09-27',2,9001),
('0000000019'        ,'Under the Bridge','0000000004', '0000000004', '1996-09-27',2,9001),
('0000000020'        ,'Snow','0000000004', '0000000004', '1996-09-27',2,9001),
('0000000021'      ,'Don Giovanni','0000000005', '0000000005', '1996-09-27',2,9001),
('0000000022'      ,'Requiem','0000000005', '0000000005', '1996-09-27',2,9001),
('0000000023'      ,'The Marriage of Figaro','0000000005', '0000000005', '1996-09-27',2,9001),
('0000000024'      ,'Clarinet Concerto','0000000005', '0000000005', '1996-09-27',2,9001),
('0000000025'        ,'I wanna love you','0000000006', '0000000006', '1996-09-27',2,9001),
('0000000026'        ,'Beautiful','0000000006', '0000000006', '1996-09-27',2,9001),
('0000000027'        ,'Dangerous','0000000006', '0000000006', '1996-09-27',2,9001),
('0000000028'        ,'Freedom','0000000006', '0000000006', '1996-09-27',2,9001),
('0000000029'        ,'Blame it on me','0000000006', '0000000006', '1996-09-27',2,9001),
('0000000030'  ,'Summer of 69','0000000007', '0000000007', '1996-09-27',2,9001),
('0000000031'  ,'Open Road','0000000007', '0000000007', '1996-09-27',2,9001), -- this mah jammmm
('0000000032'  ,'Here I am','0000000007', '0000000007', '1996-09-27',2,9001),
('0000000033'  ,'Please forgive me','0000000007', '0000000007', '1996-09-27',2,9001),
('0000000034'  ,'All for Love','0000000007', '0000000007', '1996-09-27',2,9001),
('0000000035','Despacito','0000000008', '0000000008', '1996-09-27',2,9001), -- yuk!
('0000000036','Baby','0000000008', '0000000008', '1996-09-27',2,9001), -- yuk!
('0000000037','Friends','0000000008', '0000000008', '1996-09-27',2,9001), -- yuk!
('0000000038','Love yourself','0000000008', '0000000008', '1996-09-27',2,9001), -- yuk!
('0000000039','Sorry','0000000008', '0000000008', '1996-09-27',2,9001), -- yuk!
('0000000040'    ,'Get Lucky','0000000009', '0000000009', '1996-09-27',2,9001),
('0000000041'    ,'I feel it coming','0000000009', '0000000009', '1996-09-27',2,9001),
('0000000042'    ,'Giogio by Moroder','0000000009', '0000000009', '1996-09-27',2,9001),
('0000000043'    ,'Fragments of Time','0000000009', '0000000009', '1996-09-27',2,9001),
('0000000044'    ,'Veridis Quo','0000000009', '0000000009', '1996-09-27',2,9001), -- Fun fact: if you say veridis quo over and and over it sounds like very disco, which at faster speed sounds like disco-very which is the name of the Daft Punk album
('0000000045'       ,'One way Jesus','0000000010', '0000000010', '1996-09-27',20,9001), -- this is the only song I know actually lol
('0000000046'       ,'Ocean','0000000010', '0000000010', '1996-09-27',20,9001),
('0000000047'       ,'Even when it hurts','0000000010', '0000000010', '1996-09-27',20,9001),
('0000000048'       ,'Touch the sky','0000000010', '0000000010', '1996-09-27',20,9001),
('0000000049'       ,'Hosanna','0000000010', '0000000010', '1996-09-27',20,9001);

INSERT INTO Purchases (uid, sid)
VALUES
('1543016742','0000000001'   ),
('5507545360','0000000002'   ), 
('5367111875','0000000003'   ), 
('4157012727','0000000004'   ),  
('4503882590','0000000005'   ),
('9424857467','0000000006'     ),
('9007822391','0000000007'     ),
('8916979800','0000000008'     ),
('8339700975','0000000009'     ),
('9507916324','0000000010'     ),
('1863724411','0000000011'     ),
('0961021594','0000000012'     ),
('6780977303','0000000013'     ),
('6408807324','0000000014'     ),
('6598120290','0000000015'     ),
('2049257728','0000000016'        ),
('9179721060','0000000017'        ),
('2515419073','0000000018'        ),
('0928753099','0000000019'        ),
('2369177638','0000000020'        ),
('1041372087','0000000021'      ),
('0751548259','0000000022'      ),
('1105048485','0000000023'      ),
('0233865394','0000000024'      ),
('5924712348','0000000025'      ),
('5265665108','0000000026'        ),
('9126763588','0000000027'        ),
('9812563523','0000000028'        ),
('3161688133','0000000029'        ),
('0577784759','0000000030'        ),
('6783759751','0000000031'  ),
('8632765976','0000000032'  ),
('1592745778','0000000033'  ),
('5156836740','0000000034'  ),
('4520451747','0000000035'  ),
('0785579744','0000000036'),
('2834354014','0000000037'),
('8064023363','0000000038'),
('3220417008','0000000039'),
('7041189155','0000000040'),
('9423447526','0000000041'    ),
('9822646487','0000000042'    ),
('1748078306','0000000043'    ),
('9170428560','0000000044'    ),
('1489474008','0000000045'    ),
('9140780204','0000000046'       ),
('8781560637','0000000047'       ),
('5545645677','0000000048'       ),
('7874690823','0000000049'       ),
('1334435407','0000000001'       ),
('5154398333','0000000002'   ),
('3329857023','0000000003'   ),
('7338181413','0000000004'   ),
('2628627057','0000000005'   ),
('1470665573','0000000006'   ),
('7893884058','0000000007'     ),
('5820227525','0000000008'     ),
('0593403813','0000000009'     ),
('1639394380','0000000010'     ),
('0995233506','0000000011'     ),
('0620313556','0000000012'     ),
('5031528600','0000000013'     ),
('9808078545','0000000014'     ),
('5520174072','0000000015'     ),
('8485627393','0000000016'     ),
('1352987289','0000000017'        ),
('2472048124','0000000018'        ),
('7779851861','0000000019'        ),
('2168164519','0000000020'        ),
('5568240570','0000000021'        ),
('6180679732','0000000022'      ),
('8153643055','0000000023'      ),
('3116923243','0000000024'      ),
('2526222910','0000000025'      ),
('4795405179','0000000026'      ),
('4641329504','0000000027'        ),
('7678782837','0000000028'        ),
('5081237274','0000000029'        ),
('0208728194','0000000030'        ),
('5951456362','0000000031'        ),
('4518708309','0000000032'  ),
('4854683135','0000000033'  ),
('7155431551','0000000034'  ),
('9407564763','0000000035'  ),
('6423042893','0000000036'  ),
('5184570051','0000000037'),
('7470009749','0000000038'),
('6431817656','0000000039'),
('1146015069','0000000040'),
('3737552163','0000000041'),
('8169884109','0000000042'    ),
('7232048915','0000000043'    ),
('4549439120','0000000044'    ),
('6763852513','0000000045'    ),
('4120469947','0000000046'    ),
('1501893574','0000000047'       ),
('8488301634','0000000048'       ),
('9228116870','0000000049'       ),
('4167462128','0000000001'       ),
('4904556412','0000000002'       );

-- additional purchases needed to demonstrate recommender




INSERT INTO Feedbacks (uid, sid, score, postDate, comments)
VALUES
('1543016742','0000000001',10,'2016-10-01','Absolutely stunning rendition.'),
('5507545360','0000000002',8,'2016-10-02',''),
('5367111875','0000000003',9,'2016-10-03','aww yeaaahhh \m/ this is the best!'),
('4157012727','0000000004',1,'2016-10-04','yuk'),
('4503882590','0000000005',3,'2016-10-05','this mah jammmm'),
('9424857467','0000000006',4,'2016-10-06',''),
('9007822391','0000000007',7,'2016-10-07','this is the only song I know actually lol.'),
('8916979800','0000000008',2,'2016-10-08','Eww.'),
('8339700975','0000000009',1,'2016-10-09',''),
('9507916324','0000000010',3,'2016-10-10','Yuk');

INSERT INTO Ratings (uid, fuid, sid, score)
VALUES
('4904556412','1543016742','0000000001',2),
('4167462128','5507545360','0000000002',1),
('9228116870','5367111875','0000000003',0),
('8488301634','4157012727','0000000004',1),
('1501893574','4503882590','0000000005',2),
('4549439120','9424857467','0000000006',1),
('6431817656','9007822391','0000000007',0),
('4518708309','8916979800','0000000008',2),
('1334435407','8339700975','0000000009',1),
('5924712348','9507916324','0000000010',2);
